type,failure_rate
H,0.020937188434695914
L,0.03916666666666667
M,0.02769436102769436
