type,air_temperature_k,process_temperature_k,rotational_speed_rpm,torque_nm,tool_wear_min
H,299.866999002991,309.9257228315055,1538.1475573280159,39.838285144566306,107.419740777667
L,300.0158333333333,310.0123,1539.4691666666668,39.9966,108.37883333333333
M,300.02926259592925,310.0187854521188,1537.598932265599,40.01725058391725,107.27227227227228
